N,By Midpoint method,By Trapezoidal method,By Simpson method
8,3.618313859329873,3.6239569493985613,3.6203301434402912
16,3.619709761707181,3.621135404364218,3.620194889352769
24,3.619972785533525,3.620607687124767,3.6201864498159724
